href,text
/ooh/,Occupational Outlook Handbook
/ooh/home.htm,OOH HOME
/ooh/occupation-finder.htm,OCCUPATION FINDER
/ooh/about/ooh-faqs.htm,OOH FAQ
/ooh/how-to-find-a-job/home.htm,HOW TO FIND A JOB
/ooh/a-z-index.htm,A-Z INDEX
/ooh/ooh-site-map.htm,OOH SITE MAP
/ooh/,
/ooh/home.htm,Occupational Outlook Handbook
/ooh/architecture-and-engineering/home.htm,Architecture and Engineering
/ooh/arts-and-design/home.htm,Arts and Design
/ooh/building-and-grounds-cleaning/home.htm,Building and Grounds Cleaning
/ooh/business-and-financial/home.htm,Business and Financial
/ooh/community-and-social-service/home.htm,Community and Social Service
/ooh/computer-and-information-technology/home.htm,Computer and Information Technology
/ooh/construction-and-extraction/home.htm,Construction and Extraction
/ooh/education-training-and-library/home.htm,"Education, Training, and Library"
/ooh/entertainment-and-sports/home.htm,Entertainment and Sports
/ooh/farming-fishing-and-forestry/home.htm,"Farming, Fishing, and Forestry"
/ooh/food-preparation-and-serving/home.htm,Food Preparation and Serving
/ooh/healthcare/home.htm,Healthcare
/ooh/installation-maintenance-and-repair/home.htm,"Installation, Maintenance, and Repair"
/ooh/legal/home.htm,Legal
/ooh/life-physical-and-social-science/home.htm,"Life, Physical, and Social Science"
/ooh/management/home.htm,Management
/ooh/math/home.htm,Math
/ooh/media-and-communication/home.htm,Media and Communication
/ooh/military/military-careers.htm,Military
/ooh/office-and-administrative-support/home.htm,Office and Administrative Support
/ooh/personal-care-and-service/home.htm,Personal Care and Service
/ooh/production/home.htm,Production
/ooh/protective-service/home.htm,Protective Service
/ooh/sales/home.htm,Sales
/ooh/transportation-and-material-moving/home.htm,Transportation and Material Moving
/ooh/personal-care-and-service/funeral-service-occupations.htm,Funeral Service Workers
/ooh/personal-care-and-service/funeral-service-occupations.htm,view profile »
/ooh/business-and-financial/insurance-underwriters.htm,Insurance Underwriters
/ooh/business-and-financial/insurance-underwriters.htm,view profile »
/ooh/computer-and-information-technology/computer-and-information-research-scientists.htm,Computer and Information Research Scientists
/ooh/computer-and-information-technology/computer-and-information-research-scientists.htm,view profile »
/ooh/math/mathematicians-and-statisticians.htm,Mathematicians and Statisticians
/ooh/math/mathematicians-and-statisticians.htm,view profile »
/ooh/life-physical-and-social-science/atmospheric-scientists-including-meteorologists.htm,"Atmospheric Scientists, Including Meteorologists"
/ooh/life-physical-and-social-science/atmospheric-scientists-including-meteorologists.htm,view profile »
/ooh/life-physical-and-social-science/economists.htm,Economists
/ooh/life-physical-and-social-science/economists.htm,view profile »
/ooh/community-and-social-service/health-educators.htm,Health Education Specialists
/ooh/community-and-social-service/health-educators.htm,view profile »
/ooh/legal/court-reporters.htm,Court Reporters and Simultaneous Captioners
/ooh/legal/court-reporters.htm,view profile »
/ooh/healthcare/dietitians-and-nutritionists.htm,Dietitians and Nutritionists
/ooh/healthcare/dietitians-and-nutritionists.htm,view profile »
/ooh/healthcare/audiologists.htm,Audiologists
/ooh/healthcare/audiologists.htm,view profile »
/ooh/sales/travel-agents.htm,Travel Agents
/ooh/sales/travel-agents.htm,view profile »
/ooh/construction-and-extraction/electricians.htm,Electricians
/ooh/construction-and-extraction/electricians.htm,view profile »
/ooh/management/advertising-promotions-and-marketing-managers.htm,"Advertising, Promotions, and Marketing Managers"
/ooh/management/advertising-promotions-and-marketing-managers.htm,view profile »
/ooh/management/sales-managers.htm,Sales Managers
/ooh/management/sales-managers.htm,view profile »
/ooh/management/administrative-services-managers.htm,Administrative Services and Facilities Managers
/ooh/management/administrative-services-managers.htm,view profile »
/ooh/management/computer-and-information-systems-managers.htm,Computer and Information Systems Managers
/ooh/management/computer-and-information-systems-managers.htm,view profile »
/ooh/management/financial-managers.htm,Financial Managers
/ooh/management/financial-managers.htm,view profile »
/ooh/management/compensation-and-benefits-managers.htm,Compensation and Benefits Managers
/ooh/management/compensation-and-benefits-managers.htm,view profile »
/ooh/management/training-and-development-managers.htm,Training and Development Managers
/ooh/management/training-and-development-managers.htm,view profile »
/ooh/management/human-resources-managers.htm,Human Resources Managers
/ooh/management/human-resources-managers.htm,view profile »
/ooh/management/industrial-production-managers.htm,Industrial Production Managers
/ooh/management/industrial-production-managers.htm,view profile »
/ooh/management/farmers-ranchers-and-other-agricultural-managers.htm,"Farmers, Ranchers, and Other Agricultural Managers"
/ooh/management/farmers-ranchers-and-other-agricultural-managers.htm,view profile »
/ooh/management/construction-managers.htm,Construction Managers
/ooh/management/construction-managers.htm,view profile »
/ooh/management/preschool-and-childcare-center-directors.htm,Preschool and Childcare Center Directors
/ooh/management/preschool-and-childcare-center-directors.htm,view profile »
/ooh/management/elementary-middle-and-high-school-principals.htm,"Elementary, Middle, and High School Principals"
/ooh/management/elementary-middle-and-high-school-principals.htm,view profile »
/ooh/management/postsecondary-education-administrators.htm,Postsecondary Education Administrators
/ooh/management/postsecondary-education-administrators.htm,view profile »
/ooh/management/architectural-and-engineering-managers.htm,Architectural and Engineering Managers
/ooh/management/architectural-and-engineering-managers.htm,view profile »
/ooh/management/food-service-managers.htm,Food Service Managers
/ooh/management/food-service-managers.htm,view profile »
/ooh/management/lodging-managers.htm,Lodging Managers
/ooh/management/lodging-managers.htm,view profile »
/ooh/management/medical-and-health-services-managers.htm,Medical and Health Services Managers
/ooh/management/medical-and-health-services-managers.htm,view profile »
/ooh/management/natural-sciences-managers.htm,Natural Sciences Managers
/ooh/management/natural-sciences-managers.htm,view profile »
/ooh/management/property-real-estate-and-community-association-managers.htm,"Property, Real Estate, and Community Association Managers"
/ooh/management/property-real-estate-and-community-association-managers.htm,view profile »
/ooh/management/social-and-community-service-managers.htm,Social and Community Service Managers
/ooh/management/social-and-community-service-managers.htm,view profile »
/ooh/management/top-executives.htm,Top Executives
/ooh/management/top-executives.htm,view profile »
/ooh/business-and-financial/claims-adjusters-appraisers-examiners-and-investigators.htm,"Claims Adjusters, Appraisers, Examiners, and Investigators"
/ooh/business-and-financial/claims-adjusters-appraisers-examiners-and-investigators.htm,view profile »
/ooh/business-and-financial/cost-estimators.htm,Cost Estimators
/ooh/business-and-financial/cost-estimators.htm,view profile »
/ooh/business-and-financial/human-resources-specialists.htm,Human Resources Specialists
/ooh/business-and-financial/human-resources-specialists.htm,view profile »
/ooh/business-and-financial/management-analysts.htm,Management Analysts
/ooh/business-and-financial/management-analysts.htm,view profile »
/ooh/business-and-financial/meeting-convention-and-event-planners.htm,"Meeting, Convention, and Event Planners"
/ooh/business-and-financial/meeting-convention-and-event-planners.htm,view profile »
/ooh/business-and-financial/accountants-and-auditors.htm,Accountants and Auditors
/ooh/business-and-financial/accountants-and-auditors.htm,view profile »
/ooh/business-and-financial/appraisers-and-assessors-of-real-estate.htm,Property Appraisers and Assessors
/ooh/business-and-financial/appraisers-and-assessors-of-real-estate.htm,view profile »
/ooh/business-and-financial/budget-analysts.htm,Budget Analysts
/ooh/business-and-financial/budget-analysts.htm,view profile »
/ooh/business-and-financial/financial-analysts.htm,Financial Analysts
/ooh/business-and-financial/financial-analysts.htm,view profile »
/ooh/business-and-financial/personal-financial-advisors.htm,Personal Financial Advisors
/ooh/business-and-financial/personal-financial-advisors.htm,view profile »
/ooh/business-and-financial/financial-examiners.htm,Financial Examiners
/ooh/business-and-financial/financial-examiners.htm,view profile »
/ooh/business-and-financial/loan-officers.htm,Loan Officers
/ooh/business-and-financial/loan-officers.htm,view profile »
/ooh/business-and-financial/tax-examiners-and-collectors-and-revenue-agents.htm,"Tax Examiners and Collectors, and Revenue Agents"
/ooh/business-and-financial/tax-examiners-and-collectors-and-revenue-agents.htm,view profile »
/ooh/computer-and-information-technology/computer-programmers.htm,Computer Programmers
/ooh/computer-and-information-technology/computer-programmers.htm,view profile »
/ooh/computer-and-information-technology/software-developers.htm,"Software Developers, Quality Assurance Analysts, and Testers"
/ooh/computer-and-information-technology/software-developers.htm,view profile »
/ooh/computer-and-information-technology/computer-support-specialists.htm,Computer Support Specialists
/ooh/computer-and-information-technology/computer-support-specialists.htm,view profile »
/ooh/computer-and-information-technology/computer-systems-analysts.htm,Computer Systems Analysts
/ooh/computer-and-information-technology/computer-systems-analysts.htm,view profile »
/ooh/computer-and-information-technology/database-administrators.htm,Database Administrators and Architects
/ooh/computer-and-information-technology/database-administrators.htm,view profile »
/ooh/computer-and-information-technology/network-and-computer-systems-administrators.htm,Network and Computer Systems Administrators
/ooh/computer-and-information-technology/network-and-computer-systems-administrators.htm,view profile »
/ooh/math/actuaries.htm,Actuaries
/ooh/math/actuaries.htm,view profile »
/ooh/math/operations-research-analysts.htm,Operations Research Analysts
/ooh/math/operations-research-analysts.htm,view profile »
/ooh/architecture-and-engineering/architects.htm,Architects
/ooh/architecture-and-engineering/architects.htm,view profile »
/ooh/architecture-and-engineering/landscape-architects.htm,Landscape Architects
/ooh/architecture-and-engineering/landscape-architects.htm,view profile »
/ooh/architecture-and-engineering/cartographers-and-photogrammetrists.htm,Cartographers and Photogrammetrists
/ooh/architecture-and-engineering/cartographers-and-photogrammetrists.htm,view profile »
/ooh/architecture-and-engineering/surveyors.htm,Surveyors
/ooh/architecture-and-engineering/surveyors.htm,view profile »
/ooh/architecture-and-engineering/aerospace-engineers.htm,Aerospace Engineers
/ooh/architecture-and-engineering/aerospace-engineers.htm,view profile »
/ooh/architecture-and-engineering/biomedical-engineers.htm,Bioengineers and Biomedical Engineers
/ooh/architecture-and-engineering/biomedical-engineers.htm,view profile »
/ooh/architecture-and-engineering/chemical-engineers.htm,Chemical Engineers
/ooh/architecture-and-engineering/chemical-engineers.htm,view profile »
/ooh/architecture-and-engineering/civil-engineers.htm,Civil Engineers
/ooh/architecture-and-engineering/civil-engineers.htm,view profile »
/ooh/architecture-and-engineering/computer-hardware-engineers.htm,Computer Hardware Engineers
/ooh/architecture-and-engineering/computer-hardware-engineers.htm,view profile »
/ooh/architecture-and-engineering/electrical-and-electronics-engineers.htm,Electrical and Electronics Engineers
/ooh/architecture-and-engineering/electrical-and-electronics-engineers.htm,view profile »
/ooh/architecture-and-engineering/environmental-engineers.htm,Environmental Engineers
/ooh/architecture-and-engineering/environmental-engineers.htm,view profile »
/ooh/architecture-and-engineering/industrial-engineers.htm,Industrial Engineers
/ooh/architecture-and-engineering/industrial-engineers.htm,view profile »
/ooh/architecture-and-engineering/marine-engineers-and-naval-architects.htm,Marine Engineers and Naval Architects
/ooh/architecture-and-engineering/marine-engineers-and-naval-architects.htm,view profile »
/ooh/architecture-and-engineering/materials-engineers.htm,Materials Engineers
/ooh/architecture-and-engineering/materials-engineers.htm,view profile »
/ooh/architecture-and-engineering/mechanical-engineers.htm,Mechanical Engineers
/ooh/architecture-and-engineering/mechanical-engineers.htm,view profile »
/ooh/architecture-and-engineering/mining-and-geological-engineers.htm,Mining and Geological Engineers
/ooh/architecture-and-engineering/mining-and-geological-engineers.htm,view profile »
/ooh/architecture-and-engineering/nuclear-engineers.htm,Nuclear Engineers
/ooh/architecture-and-engineering/nuclear-engineers.htm,view profile »
/ooh/architecture-and-engineering/petroleum-engineers.htm,Petroleum Engineers
/ooh/architecture-and-engineering/petroleum-engineers.htm,view profile »
/ooh/architecture-and-engineering/drafters.htm,Drafters
/ooh/architecture-and-engineering/drafters.htm,view profile »
/ooh/architecture-and-engineering/civil-engineering-technicians.htm,Civil Engineering Technologists and Technicians
/ooh/architecture-and-engineering/civil-engineering-technicians.htm,view profile »
/ooh/architecture-and-engineering/environmental-engineering-technicians.htm,Environmental Engineering Technologists and Technicians
/ooh/architecture-and-engineering/environmental-engineering-technicians.htm,view profile »
/ooh/architecture-and-engineering/industrial-engineering-technicians.htm,Industrial Engineering Technologists and Technicians
/ooh/architecture-and-engineering/industrial-engineering-technicians.htm,view profile »
/ooh/architecture-and-engineering/mechanical-engineering-technicians.htm,Mechanical Engineering Technologists and Technicians
/ooh/architecture-and-engineering/mechanical-engineering-technicians.htm,view profile »
/ooh/business-and-financial/market-research-analysts.htm,Market Research Analysts
/ooh/business-and-financial/market-research-analysts.htm,view profile »
/ooh/architecture-and-engineering/surveying-and-mapping-technicians.htm,Surveying and Mapping Technicians
/ooh/architecture-and-engineering/surveying-and-mapping-technicians.htm,view profile »
/ooh/life-physical-and-social-science/agricultural-and-food-scientists.htm,Agricultural and Food Scientists
/ooh/life-physical-and-social-science/agricultural-and-food-scientists.htm,view profile »
/ooh/life-physical-and-social-science/biochemists-and-biophysicists.htm,Biochemists and Biophysicists
/ooh/life-physical-and-social-science/biochemists-and-biophysicists.htm,view profile »
/ooh/life-physical-and-social-science/microbiologists.htm,Microbiologists
/ooh/life-physical-and-social-science/microbiologists.htm,view profile »
/ooh/life-physical-and-social-science/zoologists-and-wildlife-biologists.htm,Zoologists and Wildlife Biologists
/ooh/life-physical-and-social-science/zoologists-and-wildlife-biologists.htm,view profile »
/ooh/life-physical-and-social-science/epidemiologists.htm,Epidemiologists
/ooh/life-physical-and-social-science/epidemiologists.htm,view profile »
/ooh/life-physical-and-social-science/medical-scientists.htm,Medical Scientists
/ooh/life-physical-and-social-science/medical-scientists.htm,view profile »
/ooh/life-physical-and-social-science/physicists-and-astronomers.htm,Physicists and Astronomers
/ooh/life-physical-and-social-science/physicists-and-astronomers.htm,view profile »
/ooh/life-physical-and-social-science/chemists-and-materials-scientists.htm,Chemists and Materials Scientists
/ooh/life-physical-and-social-science/chemists-and-materials-scientists.htm,view profile »
/ooh/life-physical-and-social-science/environmental-scientists-and-specialists.htm,Environmental Scientists and Specialists
/ooh/life-physical-and-social-science/environmental-scientists-and-specialists.htm,view profile »
/ooh/life-physical-and-social-science/geoscientists.htm,Geoscientists
/ooh/life-physical-and-social-science/geoscientists.htm,view profile »
/ooh/life-physical-and-social-science/hydrologists.htm,Hydrologists
/ooh/life-physical-and-social-science/hydrologists.htm,view profile »
/ooh/life-physical-and-social-science/survey-researchers.htm,Survey Researchers
/ooh/life-physical-and-social-science/survey-researchers.htm,view profile »
/ooh/life-physical-and-social-science/psychologists.htm,Psychologists
/ooh/life-physical-and-social-science/psychologists.htm,view profile »
/ooh/life-physical-and-social-science/sociologists.htm,Sociologists
/ooh/life-physical-and-social-science/sociologists.htm,view profile »
/ooh/life-physical-and-social-science/urban-and-regional-planners.htm,Urban and Regional Planners
/ooh/life-physical-and-social-science/urban-and-regional-planners.htm,view profile »
/ooh/life-physical-and-social-science/anthropologists-and-archeologists.htm,Anthropologists and Archeologists
/ooh/life-physical-and-social-science/anthropologists-and-archeologists.htm,view profile »
/ooh/life-physical-and-social-science/political-scientists.htm,Political Scientists
/ooh/life-physical-and-social-science/political-scientists.htm,view profile »
/ooh/life-physical-and-social-science/biological-technicians.htm,Biological Technicians
/ooh/life-physical-and-social-science/biological-technicians.htm,view profile »
/ooh/life-physical-and-social-science/chemical-technicians.htm,Chemical Technicians
/ooh/life-physical-and-social-science/chemical-technicians.htm,view profile »
/ooh/life-physical-and-social-science/geological-and-petroleum-technicians.htm,Geological and Hydrologic Technicians
/ooh/life-physical-and-social-science/geological-and-petroleum-technicians.htm,view profile »
/ooh/life-physical-and-social-science/nuclear-technicians.htm,Nuclear Technicians
/ooh/life-physical-and-social-science/nuclear-technicians.htm,view profile »
/ooh/life-physical-and-social-science/environmental-science-and-protection-technicians.htm,Environmental Science and Protection Technicians
/ooh/life-physical-and-social-science/environmental-science-and-protection-technicians.htm,view profile »
/ooh/life-physical-and-social-science/forensic-science-technicians.htm,Forensic Science Technicians
/ooh/life-physical-and-social-science/forensic-science-technicians.htm,view profile »
/ooh/community-and-social-service/substance-abuse-behavioral-disorder-and-mental-health-counselors.htm,"Substance Abuse, Behavioral Disorder, and Mental Health Counselors"
/ooh/community-and-social-service/substance-abuse-behavioral-disorder-and-mental-health-counselors.htm,view profile »
/ooh/community-and-social-service/school-and-career-counselors.htm,School and Career Counselors and Advisors
/ooh/community-and-social-service/school-and-career-counselors.htm,view profile »
/ooh/community-and-social-service/marriage-and-family-therapists.htm,Marriage and Family Therapists
/ooh/community-and-social-service/marriage-and-family-therapists.htm,view profile »
/ooh/community-and-social-service/rehabilitation-counselors.htm,Rehabilitation Counselors
/ooh/community-and-social-service/rehabilitation-counselors.htm,view profile »
/ooh/community-and-social-service/social-workers.htm,Social Workers
/ooh/community-and-social-service/social-workers.htm,view profile »
/ooh/community-and-social-service/probation-officers-and-correctional-treatment-specialists.htm,Probation Officers and Correctional Treatment Specialists
/ooh/community-and-social-service/probation-officers-and-correctional-treatment-specialists.htm,view profile »
/ooh/community-and-social-service/social-and-human-service-assistants.htm,Social and Human Service Assistants
/ooh/community-and-social-service/social-and-human-service-assistants.htm,view profile »
/ooh/legal/lawyers.htm,Lawyers
/ooh/legal/lawyers.htm,view profile »
/ooh/legal/paralegals-and-legal-assistants.htm,Paralegals and Legal Assistants
/ooh/legal/paralegals-and-legal-assistants.htm,view profile »
/ooh/education-training-and-library/postsecondary-teachers.htm,Postsecondary Teachers
/ooh/education-training-and-library/postsecondary-teachers.htm,view profile »
/ooh/education-training-and-library/preschool-teachers.htm,Preschool Teachers
/ooh/education-training-and-library/preschool-teachers.htm,view profile »
/ooh/education-training-and-library/kindergarten-and-elementary-school-teachers.htm,Kindergarten and Elementary School Teachers
/ooh/education-training-and-library/kindergarten-and-elementary-school-teachers.htm,view profile »
/ooh/education-training-and-library/middle-school-teachers.htm,Middle School Teachers
/ooh/education-training-and-library/middle-school-teachers.htm,view profile »
/ooh/education-training-and-library/career-and-technical-education-teachers.htm,Career and Technical Education Teachers
/ooh/education-training-and-library/career-and-technical-education-teachers.htm,view profile »
/ooh/education-training-and-library/special-education-teachers.htm,Special Education Teachers
/ooh/education-training-and-library/special-education-teachers.htm,view profile »
/ooh/education-training-and-library/adult-literacy-and-ged-teachers.htm,Adult Basic and Secondary Education and ESL Teachers
/ooh/education-training-and-library/adult-literacy-and-ged-teachers.htm,view profile »
/ooh/education-training-and-library/curators-museum-technicians-and-conservators.htm,"Archivists, Curators, and Museum Workers"
/ooh/education-training-and-library/curators-museum-technicians-and-conservators.htm,view profile »
/ooh/education-training-and-library/librarians.htm,Librarians and Library Media Specialists
/ooh/education-training-and-library/librarians.htm,view profile »
/ooh/education-training-and-library/library-technicians-and-assistants.htm,Library Technicians and Assistants
/ooh/education-training-and-library/library-technicians-and-assistants.htm,view profile »
/ooh/education-training-and-library/instructional-coordinators.htm,Instructional Coordinators
/ooh/education-training-and-library/instructional-coordinators.htm,view profile »
/ooh/education-training-and-library/teacher-assistants.htm,Teacher Assistants
/ooh/education-training-and-library/teacher-assistants.htm,view profile »
/ooh/arts-and-design/art-directors.htm,Art Directors
/ooh/arts-and-design/art-directors.htm,view profile »
/ooh/arts-and-design/multimedia-artists-and-animators.htm,Special Effects Artists and Animators
/ooh/arts-and-design/multimedia-artists-and-animators.htm,view profile »
/ooh/arts-and-design/industrial-designers.htm,Industrial Designers
/ooh/arts-and-design/industrial-designers.htm,view profile »
/ooh/arts-and-design/fashion-designers.htm,Fashion Designers
/ooh/arts-and-design/fashion-designers.htm,view profile »
/ooh/arts-and-design/floral-designers.htm,Floral Designers
/ooh/arts-and-design/floral-designers.htm,view profile »
/ooh/arts-and-design/graphic-designers.htm,Graphic Designers
/ooh/arts-and-design/graphic-designers.htm,view profile »
/ooh/arts-and-design/interior-designers.htm,Interior Designers
/ooh/arts-and-design/interior-designers.htm,view profile »
/ooh/entertainment-and-sports/actors.htm,Actors
/ooh/entertainment-and-sports/actors.htm,view profile »
/ooh/entertainment-and-sports/producers-and-directors.htm,Producers and Directors
/ooh/entertainment-and-sports/producers-and-directors.htm,view profile »
/ooh/entertainment-and-sports/athletes-and-sports-competitors.htm,Athletes and Sports Competitors
/ooh/entertainment-and-sports/athletes-and-sports-competitors.htm,view profile »
/ooh/entertainment-and-sports/coaches-and-scouts.htm,Coaches and Scouts
/ooh/entertainment-and-sports/coaches-and-scouts.htm,view profile »
/ooh/entertainment-and-sports/umpires-referees-and-other-sports-officials.htm,"Umpires, Referees, and Other Sports Officials"
/ooh/entertainment-and-sports/umpires-referees-and-other-sports-officials.htm,view profile »
/ooh/entertainment-and-sports/dancers-and-choreographers.htm,Dancers and Choreographers
/ooh/entertainment-and-sports/dancers-and-choreographers.htm,view profile »
/ooh/entertainment-and-sports/music-directors-and-composers.htm,Music Directors and Composers
/ooh/entertainment-and-sports/music-directors-and-composers.htm,view profile »
/ooh/entertainment-and-sports/musicians-and-singers.htm,Musicians and Singers
/ooh/entertainment-and-sports/musicians-and-singers.htm,view profile »
/ooh/media-and-communication/announcers.htm,Announcers and DJs
/ooh/media-and-communication/announcers.htm,view profile »
/ooh/media-and-communication/reporters-correspondents-and-broadcast-news-analysts.htm,"News Analysts, Reporters, and Journalists"
/ooh/media-and-communication/reporters-correspondents-and-broadcast-news-analysts.htm,view profile »
/ooh/media-and-communication/editors.htm,Editors
/ooh/media-and-communication/editors.htm,view profile »
/ooh/media-and-communication/technical-writers.htm,Technical Writers
/ooh/media-and-communication/technical-writers.htm,view profile »
/ooh/media-and-communication/writers-and-authors.htm,Writers and Authors
/ooh/media-and-communication/writers-and-authors.htm,view profile »
/ooh/media-and-communication/interpreters-and-translators.htm,Interpreters and Translators
/ooh/media-and-communication/interpreters-and-translators.htm,view profile »
/ooh/media-and-communication/broadcast-and-sound-engineering-technicians.htm,"Broadcast, Sound, and Video Technicians"
/ooh/media-and-communication/broadcast-and-sound-engineering-technicians.htm,view profile »
/ooh/media-and-communication/photographers.htm,Photographers
/ooh/media-and-communication/photographers.htm,view profile »
/ooh/media-and-communication/film-and-video-editors-and-camera-operators.htm,Film and Video Editors and Camera Operators
/ooh/media-and-communication/film-and-video-editors-and-camera-operators.htm,view profile »
/ooh/healthcare/chiropractors.htm,Chiropractors
/ooh/healthcare/chiropractors.htm,view profile »
/ooh/healthcare/dentists.htm,Dentists
/ooh/healthcare/dentists.htm,view profile »
/ooh/healthcare/optometrists.htm,Optometrists
/ooh/healthcare/optometrists.htm,view profile »
/ooh/healthcare/pharmacists.htm,Pharmacists
/ooh/healthcare/pharmacists.htm,view profile »
/ooh/healthcare/physicians-and-surgeons.htm,Physicians and Surgeons
/ooh/healthcare/physicians-and-surgeons.htm,view profile »
/ooh/healthcare/physician-assistants.htm,Physician Assistants
/ooh/healthcare/physician-assistants.htm,view profile »
/ooh/healthcare/podiatrists.htm,Podiatrists
/ooh/healthcare/podiatrists.htm,view profile »
/ooh/healthcare/registered-nurses.htm,Registered Nurses
/ooh/healthcare/registered-nurses.htm,view profile »
/ooh/healthcare/occupational-therapists.htm,Occupational Therapists
/ooh/healthcare/occupational-therapists.htm,view profile »
/ooh/healthcare/physical-therapists.htm,Physical Therapists
/ooh/healthcare/physical-therapists.htm,view profile »
/ooh/healthcare/radiation-therapists.htm,Radiation Therapists
/ooh/healthcare/radiation-therapists.htm,view profile »
/ooh/healthcare/recreational-therapists.htm,Recreational Therapists
/ooh/healthcare/recreational-therapists.htm,view profile »
/ooh/healthcare/respiratory-therapists.htm,Respiratory Therapists
/ooh/healthcare/respiratory-therapists.htm,view profile »
/ooh/healthcare/speech-language-pathologists.htm,Speech-Language Pathologists
/ooh/healthcare/speech-language-pathologists.htm,view profile »
/ooh/healthcare/veterinarians.htm,Veterinarians
/ooh/healthcare/veterinarians.htm,view profile »
/ooh/healthcare/clinical-laboratory-technologists-and-technicians.htm,Clinical Laboratory Technologists and Technicians
/ooh/healthcare/clinical-laboratory-technologists-and-technicians.htm,view profile »
/ooh/healthcare/dental-hygienists.htm,Dental Hygienists
/ooh/healthcare/dental-hygienists.htm,view profile »
/ooh/healthcare/diagnostic-medical-sonographers.htm,Diagnostic Medical Sonographers and Cardiovascular Technologists and Technicians
/ooh/healthcare/diagnostic-medical-sonographers.htm,view profile »
/ooh/healthcare/nuclear-medicine-technologists.htm,Nuclear Medicine Technologists
/ooh/healthcare/nuclear-medicine-technologists.htm,view profile »
/ooh/healthcare/radiologic-technologists.htm,Radiologic and MRI Technologists
/ooh/healthcare/radiologic-technologists.htm,view profile »
/ooh/healthcare/emts-and-paramedics.htm,EMTs and Paramedics
/ooh/healthcare/emts-and-paramedics.htm,view profile »
/ooh/healthcare/pharmacy-technicians.htm,Pharmacy Technicians
/ooh/healthcare/pharmacy-technicians.htm,view profile »
/ooh/healthcare/surgical-technologists.htm,Surgical Assistants and Technologists
/ooh/healthcare/surgical-technologists.htm,view profile »
/ooh/healthcare/veterinary-technologists-and-technicians.htm,Veterinary Technologists and Technicians
/ooh/healthcare/veterinary-technologists-and-technicians.htm,view profile »
/ooh/healthcare/licensed-practical-and-licensed-vocational-nurses.htm,Licensed Practical and Licensed Vocational Nurses
/ooh/healthcare/licensed-practical-and-licensed-vocational-nurses.htm,view profile »
/ooh/healthcare/medical-records-and-health-information-technicians.htm,Medical Records Specialists
/ooh/healthcare/medical-records-and-health-information-technicians.htm,view profile »
/ooh/healthcare/opticians-dispensing.htm,Opticians
/ooh/healthcare/opticians-dispensing.htm,view profile »
/ooh/healthcare/occupational-health-and-safety-specialists-and-technicians.htm,Occupational Health and Safety Specialists and Technicians
/ooh/healthcare/occupational-health-and-safety-specialists-and-technicians.htm,view profile »
/ooh/healthcare/athletic-trainers.htm,Athletic Trainers
/ooh/healthcare/athletic-trainers.htm,view profile »
/ooh/healthcare/home-health-aides-and-personal-care-aides.htm,Home Health and Personal Care Aides
/ooh/healthcare/home-health-aides-and-personal-care-aides.htm,view profile »
/ooh/healthcare/nursing-assistants.htm,Nursing Assistants and Orderlies
/ooh/healthcare/nursing-assistants.htm,view profile »
/ooh/healthcare/psychiatric-technicians-and-aides.htm,Psychiatric Technicians and Aides
/ooh/healthcare/psychiatric-technicians-and-aides.htm,view profile »
/ooh/healthcare/occupational-therapy-assistants-and-aides.htm,Occupational Therapy Assistants and Aides
/ooh/healthcare/occupational-therapy-assistants-and-aides.htm,view profile »
/ooh/healthcare/physical-therapist-assistants-and-aides.htm,Physical Therapist Assistants and Aides
/ooh/healthcare/physical-therapist-assistants-and-aides.htm,view profile »
/ooh/healthcare/massage-therapists.htm,Massage Therapists
/ooh/healthcare/massage-therapists.htm,view profile »
/ooh/healthcare/dental-assistants.htm,Dental Assistants
/ooh/healthcare/dental-assistants.htm,view profile »
/ooh/healthcare/medical-assistants.htm,Medical Assistants
/ooh/healthcare/medical-assistants.htm,view profile »
/ooh/healthcare/medical-transcriptionists.htm,Medical Transcriptionists
/ooh/healthcare/medical-transcriptionists.htm,view profile »
/ooh/protective-service/firefighters.htm,Firefighters
/ooh/protective-service/firefighters.htm,view profile »
/ooh/protective-service/correctional-officers.htm,Correctional Officers and Bailiffs
/ooh/protective-service/correctional-officers.htm,view profile »
/ooh/protective-service/police-and-detectives.htm,Police and Detectives
/ooh/protective-service/police-and-detectives.htm,view profile »
/ooh/protective-service/private-detectives-and-investigators.htm,Private Detectives and Investigators
/ooh/protective-service/private-detectives-and-investigators.htm,view profile »
/ooh/protective-service/security-guards.htm,Security Guards and Gambling Surveillance Officers
/ooh/protective-service/security-guards.htm,view profile »
/ooh/food-preparation-and-serving/chefs-and-head-cooks.htm,Chefs and Head Cooks
/ooh/food-preparation-and-serving/chefs-and-head-cooks.htm,view profile »
/ooh/food-preparation-and-serving/cooks.htm,Cooks
/ooh/food-preparation-and-serving/cooks.htm,view profile »
/ooh/food-preparation-and-serving/food-preparation-workers.htm,Food Preparation Workers
/ooh/food-preparation-and-serving/food-preparation-workers.htm,view profile »
/ooh/food-preparation-and-serving/bartenders.htm,Bartenders
/ooh/food-preparation-and-serving/bartenders.htm,view profile »
/ooh/food-preparation-and-serving/food-and-beverage-serving-and-related-workers.htm,Food and Beverage Serving and Related Workers
/ooh/food-preparation-and-serving/food-and-beverage-serving-and-related-workers.htm,view profile »
/ooh/food-preparation-and-serving/waiters-and-waitresses.htm,Waiters and Waitresses
/ooh/food-preparation-and-serving/waiters-and-waitresses.htm,view profile »
/ooh/building-and-grounds-cleaning/janitors-and-building-cleaners.htm,Janitors and Building Cleaners
/ooh/building-and-grounds-cleaning/janitors-and-building-cleaners.htm,view profile »
/ooh/building-and-grounds-cleaning/pest-control-workers.htm,Pest Control Workers
/ooh/building-and-grounds-cleaning/pest-control-workers.htm,view profile »
/ooh/building-and-grounds-cleaning/grounds-maintenance-workers.htm,Grounds Maintenance Workers
/ooh/building-and-grounds-cleaning/grounds-maintenance-workers.htm,view profile »
/ooh/personal-care-and-service/animal-care-and-service-workers.htm,Animal Care and Service Workers
/ooh/personal-care-and-service/animal-care-and-service-workers.htm,view profile »
/ooh/personal-care-and-service/gaming-services-occupations.htm,Gambling Services Workers
/ooh/personal-care-and-service/gaming-services-occupations.htm,view profile »
/ooh/personal-care-and-service/barbers-hairstylists-and-cosmetologists.htm,"Barbers, Hairstylists, and Cosmetologists"
/ooh/personal-care-and-service/barbers-hairstylists-and-cosmetologists.htm,view profile »
/ooh/personal-care-and-service/manicurists-and-pedicurists.htm,Manicurists and Pedicurists
/ooh/personal-care-and-service/manicurists-and-pedicurists.htm,view profile »
/ooh/personal-care-and-service/skincare-specialists.htm,Skincare Specialists
/ooh/personal-care-and-service/skincare-specialists.htm,view profile »
/ooh/transportation-and-material-moving/flight-attendants.htm,Flight Attendants
/ooh/transportation-and-material-moving/flight-attendants.htm,view profile »
/ooh/personal-care-and-service/childcare-workers.htm,Childcare Workers
/ooh/personal-care-and-service/childcare-workers.htm,view profile »
/ooh/personal-care-and-service/fitness-trainers-and-instructors.htm,Fitness Trainers and Instructors
/ooh/personal-care-and-service/fitness-trainers-and-instructors.htm,view profile »
/ooh/personal-care-and-service/recreation-workers.htm,Recreation Workers
/ooh/personal-care-and-service/recreation-workers.htm,view profile »
/ooh/sales/cashiers.htm,Cashiers
/ooh/sales/cashiers.htm,view profile »
/ooh/sales/retail-sales-workers.htm,Retail Sales Workers
/ooh/sales/retail-sales-workers.htm,view profile »
/ooh/sales/advertising-sales-agents.htm,Advertising Sales Agents
/ooh/sales/advertising-sales-agents.htm,view profile »
/ooh/sales/insurance-sales-agents.htm,Insurance Sales Agents
/ooh/sales/insurance-sales-agents.htm,view profile »
/ooh/sales/wholesale-and-manufacturing-sales-representatives.htm,Wholesale and Manufacturing Sales Representatives
/ooh/sales/wholesale-and-manufacturing-sales-representatives.htm,view profile »
/ooh/sales/models.htm,Models
/ooh/sales/models.htm,view profile »
/ooh/sales/real-estate-brokers-and-sales-agents.htm,Real Estate Brokers and Sales Agents
/ooh/sales/real-estate-brokers-and-sales-agents.htm,view profile »
/ooh/sales/sales-engineers.htm,Sales Engineers
/ooh/sales/sales-engineers.htm,view profile »
/ooh/office-and-administrative-support/bill-and-account-collectors.htm,Bill and Account Collectors
/ooh/office-and-administrative-support/bill-and-account-collectors.htm,view profile »
/ooh/office-and-administrative-support/bookkeeping-accounting-and-auditing-clerks.htm,"Bookkeeping, Accounting, and Auditing Clerks"
/ooh/office-and-administrative-support/bookkeeping-accounting-and-auditing-clerks.htm,view profile »
/ooh/office-and-administrative-support/tellers.htm,Tellers
/ooh/office-and-administrative-support/tellers.htm,view profile »
/ooh/office-and-administrative-support/customer-service-representatives.htm,Customer Service Representatives
/ooh/office-and-administrative-support/customer-service-representatives.htm,view profile »
/ooh/office-and-administrative-support/receptionists.htm,Receptionists
/ooh/office-and-administrative-support/receptionists.htm,view profile »
/ooh/office-and-administrative-support/police-fire-and-ambulance-dispatchers.htm,Public Safety Telecommunicators
/ooh/office-and-administrative-support/police-fire-and-ambulance-dispatchers.htm,view profile »
/ooh/office-and-administrative-support/postal-service-workers.htm,Postal Service Workers
/ooh/office-and-administrative-support/postal-service-workers.htm,view profile »
/ooh/office-and-administrative-support/secretaries-and-administrative-assistants.htm,Secretaries and Administrative Assistants
/ooh/office-and-administrative-support/secretaries-and-administrative-assistants.htm,view profile »
/ooh/office-and-administrative-support/desktop-publishers.htm,Desktop Publishers
/ooh/office-and-administrative-support/desktop-publishers.htm,view profile »
/ooh/farming-fishing-and-forestry/agricultural-workers.htm,Agricultural Workers
/ooh/farming-fishing-and-forestry/agricultural-workers.htm,view profile »
/ooh/farming-fishing-and-forestry/fishers-and-related-fishing-workers.htm,Fishing and Hunting Workers
/ooh/farming-fishing-and-forestry/fishers-and-related-fishing-workers.htm,view profile »
/ooh/construction-and-extraction/brickmasons-blockmasons-and-stonemasons.htm,Masonry Workers
/ooh/construction-and-extraction/brickmasons-blockmasons-and-stonemasons.htm,view profile »
/ooh/construction-and-extraction/carpenters.htm,Carpenters
/ooh/construction-and-extraction/carpenters.htm,view profile »
/ooh/construction-and-extraction/tile-and-marble-setters.htm,Flooring Installers and Tile and Stone Setters
/ooh/construction-and-extraction/tile-and-marble-setters.htm,view profile »
/ooh/construction-and-extraction/construction-laborers-and-helpers.htm,Construction Laborers and Helpers
/ooh/construction-and-extraction/construction-laborers-and-helpers.htm,view profile »
/ooh/construction-and-extraction/construction-equipment-operators.htm,Construction Equipment Operators
/ooh/construction-and-extraction/construction-equipment-operators.htm,view profile »
/ooh/construction-and-extraction/drywall-and-ceiling-tile-installers-and-tapers.htm,"Drywall Installers, Ceiling Tile Installers, and Tapers"
/ooh/construction-and-extraction/drywall-and-ceiling-tile-installers-and-tapers.htm,view profile »
/ooh/construction-and-extraction/glaziers.htm,Glaziers
/ooh/construction-and-extraction/glaziers.htm,view profile »
/ooh/construction-and-extraction/painters-construction-and-maintenance.htm,Construction and Maintenance Painters
/ooh/construction-and-extraction/painters-construction-and-maintenance.htm,view profile »
/ooh/construction-and-extraction/plumbers-pipefitters-and-steamfitters.htm,"Plumbers, Pipefitters, and Steamfitters"
/ooh/construction-and-extraction/plumbers-pipefitters-and-steamfitters.htm,view profile »
/ooh/construction-and-extraction/roofers.htm,Roofers
/ooh/construction-and-extraction/roofers.htm,view profile »
/ooh/construction-and-extraction/structural-iron-and-steel-workers.htm,Ironworkers
/ooh/construction-and-extraction/structural-iron-and-steel-workers.htm,view profile »
/ooh/construction-and-extraction/construction-and-building-inspectors.htm,Construction and Building Inspectors
/ooh/construction-and-extraction/construction-and-building-inspectors.htm,view profile »
/ooh/construction-and-extraction/elevator-installers-and-repairers.htm,Elevator and Escalator Installers and Repairers
/ooh/construction-and-extraction/elevator-installers-and-repairers.htm,view profile »
/ooh/construction-and-extraction/hazardous-materials-removal-workers.htm,Hazardous Materials Removal Workers
/ooh/construction-and-extraction/hazardous-materials-removal-workers.htm,view profile »
/ooh/installation-maintenance-and-repair/automotive-body-and-glass-repairers.htm,Automotive Body and Glass Repairers
/ooh/installation-maintenance-and-repair/automotive-body-and-glass-repairers.htm,view profile »
/ooh/installation-maintenance-and-repair/automotive-service-technicians-and-mechanics.htm,Automotive Service Technicians and Mechanics
/ooh/installation-maintenance-and-repair/automotive-service-technicians-and-mechanics.htm,view profile »
/ooh/installation-maintenance-and-repair/diesel-service-technicians-and-mechanics.htm,Diesel Service Technicians and Mechanics
/ooh/installation-maintenance-and-repair/diesel-service-technicians-and-mechanics.htm,view profile »
/ooh/installation-maintenance-and-repair/small-engine-mechanics.htm,Small Engine Mechanics
/ooh/installation-maintenance-and-repair/small-engine-mechanics.htm,view profile »
/ooh/installation-maintenance-and-repair/general-maintenance-and-repair-workers.htm,General Maintenance and Repair Workers
/ooh/installation-maintenance-and-repair/general-maintenance-and-repair-workers.htm,view profile »
/ooh/installation-maintenance-and-repair/line-installers-and-repairers.htm,Electrical Power-Line Installers and Repairers
/ooh/installation-maintenance-and-repair/line-installers-and-repairers.htm,view profile »
/ooh/installation-maintenance-and-repair/medical-equipment-repairers.htm,Medical Equipment Repairers
/ooh/installation-maintenance-and-repair/medical-equipment-repairers.htm,view profile »
/ooh/production/assemblers-and-fabricators.htm,Assemblers and Fabricators
/ooh/production/assemblers-and-fabricators.htm,view profile »
/ooh/production/bakers.htm,Bakers
/ooh/production/bakers.htm,view profile »
/ooh/production/metal-and-plastic-machine-workers.htm,Metal and Plastic Machine Workers
/ooh/production/metal-and-plastic-machine-workers.htm,view profile »
/ooh/production/machinists-and-tool-and-die-makers.htm,Machinists and Tool and Die Makers
/ooh/production/machinists-and-tool-and-die-makers.htm,view profile »
/ooh/production/welders-cutters-solderers-and-brazers.htm,"Welders, Cutters, Solderers, and Brazers"
/ooh/production/welders-cutters-solderers-and-brazers.htm,view profile »
/ooh/production/woodworkers.htm,Woodworkers
/ooh/production/woodworkers.htm,view profile »
/ooh/production/stationary-engineers-and-boiler-operators.htm,Stationary Engineers and Boiler Operators
/ooh/production/stationary-engineers-and-boiler-operators.htm,view profile »
/ooh/production/quality-control-inspectors.htm,Quality Control Inspectors
/ooh/production/quality-control-inspectors.htm,view profile »
/ooh/production/jewelers-and-precious-stone-and-metal-workers.htm,Jewelers and Precious Stone and Metal Workers
/ooh/production/jewelers-and-precious-stone-and-metal-workers.htm,view profile »
/ooh/production/dental-and-ophthalmic-laboratory-technicians-and-medical-appliance-technicians.htm,Dental and Ophthalmic Laboratory Technicians and Medical Appliance Technicians
/ooh/production/dental-and-ophthalmic-laboratory-technicians-and-medical-appliance-technicians.htm,view profile »
/ooh/transportation-and-material-moving/airline-and-commercial-pilots.htm,Airline and Commercial Pilots
/ooh/transportation-and-material-moving/airline-and-commercial-pilots.htm,view profile »
/ooh/transportation-and-material-moving/air-traffic-controllers.htm,Air Traffic Controllers
/ooh/transportation-and-material-moving/air-traffic-controllers.htm,view profile »
/ooh/transportation-and-material-moving/bus-drivers.htm,Bus Drivers
/ooh/transportation-and-material-moving/bus-drivers.htm,view profile »
/ooh/transportation-and-material-moving/heavy-and-tractor-trailer-truck-drivers.htm,Heavy and Tractor-trailer Truck Drivers
/ooh/transportation-and-material-moving/heavy-and-tractor-trailer-truck-drivers.htm,view profile »
/ooh/transportation-and-material-moving/railroad-occupations.htm,Railroad Workers
/ooh/transportation-and-material-moving/railroad-occupations.htm,view profile »
/ooh/transportation-and-material-moving/water-transportation-occupations.htm,Water Transportation Workers
/ooh/transportation-and-material-moving/water-transportation-occupations.htm,view profile »
/ooh/transportation-and-material-moving/material-moving-machine-operators.htm,Material Moving Machine Operators
/ooh/transportation-and-material-moving/material-moving-machine-operators.htm,view profile »
/ooh/transportation-and-material-moving/hand-laborers-and-material-movers.htm,Hand Laborers and Material Movers
/ooh/transportation-and-material-moving/hand-laborers-and-material-movers.htm,view profile »
/ooh/business-and-financial/purchasing-managers-buyers-and-purchasing-agents.htm,"Purchasing Managers, Buyers, and Purchasing Agents"
/ooh/business-and-financial/purchasing-managers-buyers-and-purchasing-agents.htm,view profile »
/ooh/business-and-financial/logisticians.htm,Logisticians
/ooh/business-and-financial/logisticians.htm,view profile »
/ooh/architecture-and-engineering/agricultural-engineers.htm,Agricultural Engineers
/ooh/architecture-and-engineering/agricultural-engineers.htm,view profile »
/ooh/architecture-and-engineering/health-and-safety-engineers.htm,Health and Safety Engineers
/ooh/architecture-and-engineering/health-and-safety-engineers.htm,view profile »
/ooh/architecture-and-engineering/aerospace-engineering-and-operations-technicians.htm,Aerospace Engineering and Operations Technologists and Technicians
/ooh/architecture-and-engineering/aerospace-engineering-and-operations-technicians.htm,view profile »
/ooh/architecture-and-engineering/electrical-and-electronics-engineering-technicians.htm,Electrical and Electronic Engineering Technologists and Technicians
/ooh/architecture-and-engineering/electrical-and-electronics-engineering-technicians.htm,view profile »
/ooh/architecture-and-engineering/electro-mechanical-technicians.htm,Electro-mechanical and Mechatronics Technologists and Technicians
/ooh/architecture-and-engineering/electro-mechanical-technicians.htm,view profile »
/ooh/life-physical-and-social-science/conservation-scientists.htm,Conservation Scientists and Foresters
/ooh/life-physical-and-social-science/conservation-scientists.htm,view profile »
/ooh/life-physical-and-social-science/geographers.htm,Geographers
/ooh/life-physical-and-social-science/geographers.htm,view profile »
/ooh/life-physical-and-social-science/historians.htm,Historians
/ooh/life-physical-and-social-science/historians.htm,view profile »
/ooh/life-physical-and-social-science/agricultural-and-food-science-technicians.htm,Agricultural and Food Science Technicians
/ooh/life-physical-and-social-science/agricultural-and-food-science-technicians.htm,view profile »
/ooh/arts-and-design/craft-and-fine-artists.htm,Craft and Fine Artists
/ooh/arts-and-design/craft-and-fine-artists.htm,view profile »
/ooh/healthcare/orthotists-and-prosthetists.htm,Orthotists and Prosthetists
/ooh/healthcare/orthotists-and-prosthetists.htm,view profile »
/ooh/protective-service/fire-inspectors-and-investigators.htm,Fire Inspectors
/ooh/protective-service/fire-inspectors-and-investigators.htm,view profile »
/ooh/office-and-administrative-support/financial-clerks.htm,Financial Clerks
/ooh/office-and-administrative-support/financial-clerks.htm,view profile »
/ooh/office-and-administrative-support/information-clerks.htm,Information Clerks
/ooh/office-and-administrative-support/information-clerks.htm,view profile »
/ooh/office-and-administrative-support/material-recording-clerks.htm,Material Recording Clerks
/ooh/office-and-administrative-support/material-recording-clerks.htm,view profile »
/ooh/office-and-administrative-support/general-office-clerks.htm,General Office Clerks
/ooh/office-and-administrative-support/general-office-clerks.htm,view profile »
/ooh/farming-fishing-and-forestry/forest-and-conservation-workers.htm,Forest and Conservation Workers
/ooh/farming-fishing-and-forestry/forest-and-conservation-workers.htm,view profile »
/ooh/farming-fishing-and-forestry/logging-workers.htm,Logging Workers
/ooh/farming-fishing-and-forestry/logging-workers.htm,view profile »
/ooh/construction-and-extraction/boilermakers.htm,Boilermakers
/ooh/construction-and-extraction/boilermakers.htm,view profile »
/ooh/construction-and-extraction/sheet-metal-workers.htm,Sheet Metal Workers
/ooh/construction-and-extraction/sheet-metal-workers.htm,view profile »
/ooh/production/food-and-tobacco-processing-workers.htm,Food Processing Equipment Workers
/ooh/production/food-and-tobacco-processing-workers.htm,view profile »
/ooh/production/painting-and-coating-workers.htm,Painting and Coating Workers
/ooh/production/painting-and-coating-workers.htm,view profile »
/ooh/education-training-and-library/high-school-teachers.htm,High School Teachers
/ooh/education-training-and-library/high-school-teachers.htm,view profile »
/ooh/healthcare/veterinary-assistants-and-laboratory-animal-caretakers.htm,Veterinary Assistants and Laboratory Animal Caretakers
/ooh/healthcare/veterinary-assistants-and-laboratory-animal-caretakers.htm,view profile »
/ooh/sales/securities-commodities-and-financial-services-sales-agents.htm,"Securities, Commodities, and Financial Services Sales Agents"
/ooh/sales/securities-commodities-and-financial-services-sales-agents.htm,view profile »
/ooh/installation-maintenance-and-repair/telecommunications-equipment-installers-and-repairers-except-line-installers.htm,Telecommunications Technicians
/ooh/installation-maintenance-and-repair/telecommunications-equipment-installers-and-repairers-except-line-installers.htm,view profile »
/ooh/installation-maintenance-and-repair/aircraft-and-avionics-equipment-mechanics-and-technicians.htm,Aircraft and Avionics Equipment Mechanics and Technicians
/ooh/installation-maintenance-and-repair/aircraft-and-avionics-equipment-mechanics-and-technicians.htm,view profile »
/ooh/installation-maintenance-and-repair/heavy-vehicle-and-mobile-equipment-service-technicians.htm,Heavy Vehicle and Mobile Equipment Service Technicians
/ooh/installation-maintenance-and-repair/heavy-vehicle-and-mobile-equipment-service-technicians.htm,view profile »
/ooh/installation-maintenance-and-repair/heating-air-conditioning-and-refrigeration-mechanics-and-installers.htm,"Heating, Air Conditioning, and Refrigeration Mechanics and Installers"
/ooh/installation-maintenance-and-repair/heating-air-conditioning-and-refrigeration-mechanics-and-installers.htm,view profile »
/ooh/installation-maintenance-and-repair/industrial-machinery-mechanics-and-maintenance-workers-and-millwrights.htm,"Industrial Machinery Mechanics, Machinery Maintenance Workers, and Millwrights"
/ooh/installation-maintenance-and-repair/industrial-machinery-mechanics-and-maintenance-workers-and-millwrights.htm,view profile »
/ooh/production/power-plant-operators-distributors-and-dispatchers.htm,"Power Plant Operators, Distributors, and Dispatchers"
/ooh/production/power-plant-operators-distributors-and-dispatchers.htm,view profile »
/ooh/production/water-and-wastewater-treatment-plant-and-system-operators.htm,Water and Wastewater Treatment Plant and System Operators
/ooh/production/water-and-wastewater-treatment-plant-and-system-operators.htm,view profile »
/ooh/installation-maintenance-and-repair/electrical-and-electronics-installers-and-repairers.htm,Electrical and Electronics Installers and Repairers
/ooh/installation-maintenance-and-repair/electrical-and-electronics-installers-and-repairers.htm,view profile »
/ooh/transportation-and-material-moving/delivery-truck-drivers-and-driver-sales-workers.htm,Delivery Truck Drivers and Driver/Sales Workers
/ooh/transportation-and-material-moving/delivery-truck-drivers-and-driver-sales-workers.htm,view profile »
/ooh/military/military-careers.htm,Members of the Armed Forces
/ooh/military/military-careers.htm,view profile »
/ooh/business-and-financial/compensation-benefits-and-job-analysis-specialists.htm,"Compensation, Benefits, and Job Analysis Specialists"
/ooh/business-and-financial/compensation-benefits-and-job-analysis-specialists.htm,view profile »
/ooh/business-and-financial/fundraisers.htm,Fundraisers
/ooh/business-and-financial/fundraisers.htm,view profile »
/ooh/business-and-financial/training-and-development-specialists.htm,Training and Development Specialists
/ooh/business-and-financial/training-and-development-specialists.htm,view profile »
/ooh/computer-and-information-technology/computer-network-architects.htm,Computer Network Architects
/ooh/computer-and-information-technology/computer-network-architects.htm,view profile »
/ooh/computer-and-information-technology/information-security-analysts.htm,Information Security Analysts
/ooh/computer-and-information-technology/information-security-analysts.htm,view profile »
/ooh/computer-and-information-technology/web-developers.htm,Web Developers and Digital Designers
/ooh/computer-and-information-technology/web-developers.htm,view profile »
/ooh/construction-and-extraction/solar-photovoltaic-installers.htm,Solar Photovoltaic Installers
/ooh/construction-and-extraction/solar-photovoltaic-installers.htm,view profile »
/ooh/healthcare/genetic-counselors.htm,Genetic Counselors
/ooh/healthcare/genetic-counselors.htm,view profile »
/ooh/healthcare/nurse-anesthetists-nurse-midwives-and-nurse-practitioners.htm,"Nurse Anesthetists, Nurse Midwives, and Nurse Practitioners"
/ooh/healthcare/nurse-anesthetists-nurse-midwives-and-nurse-practitioners.htm,view profile »
/ooh/healthcare/phlebotomists.htm,Phlebotomists
/ooh/healthcare/phlebotomists.htm,view profile »
/ooh/installation-maintenance-and-repair/wind-turbine-technicians.htm,Wind Turbine Technicians
/ooh/installation-maintenance-and-repair/wind-turbine-technicians.htm,view profile »
/ooh/legal/arbitrators-mediators-and-conciliators.htm,"Arbitrators, Mediators, and Conciliators"
/ooh/legal/arbitrators-mediators-and-conciliators.htm,view profile »
/ooh/management/emergency-management-directors.htm,Emergency Management Directors
/ooh/management/emergency-management-directors.htm,view profile »
/ooh/management/public-relations-managers.htm,Public Relations and Fundraising Managers
/ooh/management/public-relations-managers.htm,view profile »
/ooh/media-and-communication/public-relations-specialists.htm,Public Relations Specialists
/ooh/media-and-communication/public-relations-specialists.htm,view profile »
/ooh/production/butchers-and-meat-cutters.htm,Butchers
/ooh/production/butchers-and-meat-cutters.htm,view profile »
/ooh/legal/judges-and-hearing-officers.htm,Judges and Hearing Officers
/ooh/legal/judges-and-hearing-officers.htm,view profile »
/ooh/construction-and-extraction/insulation-workers.htm,Insulation Workers
/ooh/construction-and-extraction/insulation-workers.htm,view profile »
/ooh/business-and-financial/labor-relations-specialists.htm,Labor Relations Specialists
/ooh/business-and-financial/labor-relations-specialists.htm,view profile »
/ooh/healthcare/exercise-physiologists.htm,Exercise Physiologists
/ooh/healthcare/exercise-physiologists.htm,view profile »
/ooh/math/data-scientists.htm,Data Scientists
/ooh/math/data-scientists.htm,view profile »
/ooh/business-and-financial/project-management-specialists.htm,Project Management Specialists
/ooh/business-and-financial/project-management-specialists.htm,view profile »
/ooh/healthcare/health-information-technologists-and-medical-registrars.htm,Health Information Technologists and Medical Registrars
/ooh/healthcare/health-information-technologists-and-medical-registrars.htm,view profile »
/ooh/education-training-and-library/tutors.htm,Tutors
/ooh/education-training-and-library/tutors.htm,view profile »
/ooh/transportation-and-material-moving/taxi-drivers-and-chauffeurs.htm,"Taxi Drivers, Shuttle Drivers, and Chauffeurs"
/ooh/transportation-and-material-moving/taxi-drivers-and-chauffeurs.htm,view profile »
/ooh/community-and-social-service/community-health-workers.htm,Community Health Workers
/ooh/community-and-social-service/community-health-workers.htm,view profile »
/ooh/healthcare/medical-dosimetrists.htm,Medical Dosimetrists
/ooh/healthcare/medical-dosimetrists.htm,view profile »
/ooh/installation-maintenance-and-repair/calibration-technologists-and-technicians.htm,Calibration Technologists and Technicians
/ooh/installation-maintenance-and-repair/calibration-technologists-and-technicians.htm,view profile »
/ooh/management/entertainment-and-recreation-managers.htm,Entertainment and Recreation Managers
/ooh/management/entertainment-and-recreation-managers.htm,view profile »
/ooh/a-z-index.htm#A,A
/ooh/a-z-index.htm#B,B
/ooh/a-z-index.htm#C,C
/ooh/a-z-index.htm#D,D
/ooh/a-z-index.htm#E,E
/ooh/a-z-index.htm#F,F
/ooh/a-z-index.htm#G,G
/ooh/a-z-index.htm#H,H
/ooh/a-z-index.htm#I,I
/ooh/a-z-index.htm#J,J
/ooh/a-z-index.htm#K,K
/ooh/a-z-index.htm#L,L
/ooh/a-z-index.htm#M,M
/ooh/a-z-index.htm#N,N
/ooh/a-z-index.htm#O,O
/ooh/a-z-index.htm#P,P
/ooh/a-z-index.htm#Q,Q
/ooh/a-z-index.htm#R,R
/ooh/a-z-index.htm#S,S
/ooh/a-z-index.htm#T,T
/ooh/a-z-index.htm#U,U
/ooh/a-z-index.htm#V,V
/ooh/a-z-index.htm#W,W
/ooh/a-z-index.htm#X,X
/ooh/a-z-index.htm#Y,Y
/ooh/a-z-index.htm#Z,Z
/ooh/highest-paying.htm,Highest Paying
/ooh/fastest-growing.htm,Fastest Growing (Projected)
/ooh/most-new-jobs.htm,Most New Jobs (Projected)
/ooh/field-of-degree/home.htm,Field of Degree
/ooh/about/ooh-faqs.htm,Frequently Asked Questions
/ooh/about/glossary.htm,Glossary
/ooh/about/teachers-guide.htm,Teacher’s Guide
/ooh/home.htm,www.bls.gov/ooh
https://data.bls.gov/ooh/about/ooh-faqs.htm,Contact OOH
/ooh/,Occupational Outlook Handbook
